"firm_name","n_offres","sector_main","avg_req_exp","top_skill_req","avg_wage","addr_dept_main"
"SAFRAN",23,"Industrie Aéronautique, Aérospatial",2.33,"Anglais, AWS, Bases de donnée, collecte de données, Communication, Curiosité, Deep Learning, équipe, Excel, Git, modélisation, NLP, Optimisation, Power BI, Prévision, Programmation, Python, Rapport, Reporting, Rigueur, SQL, Statistique, Tableau, Visualisation de donnée",NA,"77"
"ORANO",10,"Secteur Energie, Environnement",0.67,"Autonome, Autonôme, Azure, C++, Collaboration, Communication, Deep Learning, équipe, Git, Intelligence artificielle, modélisation, Optimisation, Python, Rapport, Statistique",NA,"26"
"CDISCOUNT",4,"Distribution, Commerce de gros",1,"Bases de donnée, Communication, Deep Learning, équipe, Power BI, Reporting, SQL, Statistique",NA,"33"
"DOCAPOSTE",4,"Secteur informatique, ESN",1,"Collaboration, Créativité, Deep Learning, équipe, Git, Intelligence artificielle, Optimisation, Statistique",NA,"69"
"LHH RECRUITMENT SOLUTIONS",3,"Services aux Entreprises",7,"Anglais, Autonome, Autonôme, Bases de donnée, Collaboration, Communication, Deep Learning, équipe, Excel, Optimisation, Statistique, Tableau",40000,"33"
"ASSURANCES CRÉDIT MUTUEL  GIE",1,"Banque, Assurance, Finance",NA,"",50000,"67"
"TEAM.IS",5,"Secteur informatique, ESN",1,"équipe, Git, Power BI",60000,"33"
"AKKODIS",2,"Secteur informatique, ESN",1,"",35000,"63"
"REACTIS SERVICES",3,"Secteur informatique, ESN",1,"Reporting",45000,"94"
"SOLUTEC",2,"Secteur informatique, ESN",NA,"équipe, modélisation, Power BI, Python, Tableau",NA,"31"
"GROUPE DUBREUIL",2,"Distribution, Commerce de gros",0,"Deep Learning, équipe, Optimisation, Résolution de Problèmes",NA,"85"
"SII ILE DE FRANCE",6,"Secteur informatique, ESN",7,"Autonome, Autonôme, Bases de donnée, Créativité, équipe, modélisation, Statistique",35000,"76"
"DAVIDSON CONSULTING",10,"Secteur informatique, ESN",1,"équipe, Hadoop, Optimisation, Reporting, SQL",34000,"35"
"ENGIE",10,"Secteur Energie, Environnement",0,"Anglais, Autonome, Autonôme, AWS, Collaboration, Communication, Communication Skills, Curiosité, Data Cleaning, Data Visualization, Database, Database Management, English, équipe, Excel, French, Git, Optimization, Prévision, Programmation, Programming, Python, Rapport, Reporting, Résolution de Problèmes, Rigueur, Spark, SQL, Statistical Modeling, Statistique, Time Management",NA,"92"
"GUEUDET 1880",1,"Industrie Auto, Meca, Navale",NA,NA,NA,"80"
"ABYLSEN",5,"Secteur informatique, ESN",1,"AWS, Collaboration, Deep Learning, équipe, Rapport, Statistique",35000,"13"
"SHOPOPOP",1,"Services aux Personnes, Particuliers",1,"",37000,"44"
"AG2R LA MONDIALE",3,"Banque, Assurance, Finance",1,"Autonome, Autonôme, équipe, modélisation, SQL, Statistique",NA,"75"
"APSIDE",12,"Secteur informatique, ESN",5,"Anglais, AWS, Bases de donnée, équipe, Git, Intelligence artificielle, modélisation, Power BI, Python, Reporting, Spark, SQL",40000,"6"
"FNAC DARTY",7,"Distribution, Commerce de gros",0,"collecte de données, équipe, Git, Google Cloud, Optimisation, Python, SQL",NA,"94"
"ADHERENCE CONSULTING",2,"Secteur informatique, ESN",7,"Bases de donnée, Git, Statistique",NA,"59"
"SAUR",3,"Secteur Energie, Environnement",4,"Anglais, Autonome, Autonôme, Azure, Deep Learning, équipe, modélisation, NLP, Optimisation, Plotly, Python, Rigueur, Spark, SQL, Statistique",NA,"75"
"AXA EN FRANCE",16,"Banque, Assurance, Finance",2,"Azure, Collaboration, data collection, Database, équipe, Excel, Git, modélisation, Optimisation, Programmation, Programming, Python, Spark, SQL, Tableau",NA,"92"
"CARREFOUR",21,"Distribution, Commerce de gros",0,"Anglais, Autonome, Autonôme, Base de donnée, Bases de donnée, Collaboration, Communication, Curiosité, équipe, Excel, Français, Gestion de Projets, Git, Google Cloud, modélisation, Optimisation, Prévision, Python, R Studio, Rapport, Reporting, Rigueur, Spark, SQL, Statistique, Tableau",NA,"91"
"VIF",2,"Industrie Agro-alimentaire, Secteur informatique, ESN",7,"Collaboration, équipe",NA,"44"
"ANDERSON RH",1,"Services aux Entreprises",1,"",NA,NA
"SNCF CONNECT & TECH",4,"Média, Internet, Communication, Transport, Logistique",NA,"Autonome, Autonôme, AWS, Collaboration, Deep Learning, équipe, Français, Git, Proactive, Programmation, Python, Rigueur, Statistique",NA,"75"
"SEGULA TECHNOLOGIES",4,"Industrie Auto, Meca, Navale",3.5,"Anglais, Autonome, Autonôme, collecte de données, équipe, Excel, Rapport, Statistique, Tableau",NA,"91"
"BNP PARIBAS",8,"Banque, Assurance, Finance",0,"Adaptabilité, Anglais, Autonome, Autonôme, Bases de donnée, Collaboration, Communication, Créativité, équipe, Français, Git, Hadoop, Intelligence artificielle, modélisation, Optimisation, Programmation, Python, Résolution de Problèmes, Rigueur, Spark, SQL, Statistique, Tableau, TensorFlow",NA,"93"
"SUEZ",10,"Secteur Energie, Environnement",0,"C++, Collaboration, équipe, Excel, Git, Intelligence artificielle, modélisation, Optimisation, Optimization, Programmation, Programming, Python, Statistics, Statistique",NA,"78"
"GROUPEMENT LES MOUSQUETAIRES",4,"Distribution, Commerce de gros",0,"Azure, Deep Learning, équipe, Intelligence artificielle, modélisation, Natural Language Processing, Python, Statistique",25000,"92"
"CDISCOUNT STAGE",3,"Distribution, Commerce de gros",0,"Bases de donnée, Français, Tableau",NA,"33"
"JCDECAUX",6,"Média, Internet, Communication, Industrie Manufacturière",1.75,"Autonome, Autonôme, Collaboration, collecte de données, équipe, Statistique",NA,"92"
"POSTULER",3,"Média, Internet, Communication",3,"équipe, Git",NA,"57"
"EY",8,"Secteur informatique, ESN",3.5,"Anglais, Autonome, Autonôme, Azure, Communication, Deep Learning, équipe, Excel, Français, Git, Hadoop, modélisation, Prévision, Programmation, Python, Rapport, Reporting, Rigueur, Spark, SQL, Statistique, VBA",NA,"92"
"SEYOS",11,"Agriculture, Pêche",1,"AWS, Azure, Base de donnée, Bases de donnée, Collaboration, collecte de données, Deep Learning, équipe, Français, Git, Python, PyTorch, Spark, SQL",49091,"67"
"VOLVO GROUP",5,"Industrie Auto, Meca, Navale",NA,"Anglais, Azure, Collaboration, Communication, Communication Skills, Deep Learning, équipe, Git, Python, SQL, Statistics",NA,"69"
"EASYVISTA",2,"Secteur informatique, ESN",0,"équipe, Français, NLP, Prévision, Python, Statistique",NA,"38"
"FINANCE PEOPLE",1,"Services aux Entreprises",NA,"",45000,"78"
"MAGASINS VERT - POINT VERT",1,"Distribution, Commerce de gros",0,"",NA,"29"
"EQUANS",5,"BTP, Secteur Energie, Environnement",1,"C++, Communication, Curiosité, équipe, Git, Intelligence artificielle, Programmation, Python, PyTorch, TensorFlow",45000,"69"
"EURO-INFORMATION DEVELOPPEMENTS",6,"Banque, Assurance, Finance",NA,"Anglais, Autonome, Autonôme, Base de donnée, Collaboration, Communication, Deep Learning, équipe, Programmation, Python, Reporting, Rigueur, SQL",34000,"67"
"BOUYGUES TELECOM",5,"Industrie high-tech, Telecom",1,"Communication, Curiosité, équipe, Git, Prévision, Python, SQL",NA,"92"
"GENERALI VIE",2,"Banque, Assurance, Finance",0,"",NA,"93"
"TALAN",45,"Secteur informatique, ESN",6.1,"Anglais, Autonome, Autonôme, AWS, Azure, Base de donnée, Bases de donnée, Collaboration, Communication, Curiosité, Database, Dataviz, Deep Learning, équipe, Excel, Français, French, Git, Hadoop, Intelligence artificielle, modélisation, NLP, Optimisation, Power BI, Programmation, Python, Rapport, Reporting, Spark, SQL, Statistique, Tableau",NA,"75"
"GROUPAMA GAN VIE",2,"Banque, Assurance, Finance",1,"équipe, Optimisation",50000,"92"
"DEMETER",1,"Services aux Entreprises",1,"",50000,"92"
"PWC",16,"Secteur informatique, ESN",NA,"Anglais, AWS, Azure, Bases de donnée, Collaboration, Communication, Créativité, Curiosité, Deep Learning, English, équipe, Excel, Feature Engineering, Français, Git, Google Cloud, Intelligence artificielle, modélisation, NLP, Power BI, Python, Résolution de Problèmes, Rigueur, Seaborn, Spark, SQL, Statistique, Tableau, TensorFlow, Visualisation de donnée",NA,"92"
"IRT JULES VERNE",2,"Industrie Manufacturière",NA,"équipe, Intelligence artificielle",NA,"44"
"VALEO",4,"Industrie Auto, Meca, Navale",0,"Anglais, Collaboration, équipe, Statistique, VBA",NA,"95"
"ALTEN",48,"Secteur informatique, ESN",0,"Azure, Collaboration, Dataviz, Deep Learning, équipe, Git, Optimisation, Power BI, Python, Reporting, Spark, SQL, Statistique",NA,"92"
"APRIL",2,"Banque, Assurance, Finance",NA,"Collaboration, Deep Learning, équipe, Git, modélisation, Statistique",NA,"69"
"EXTIA",12,"Secteur informatique, ESN",NA,"AWS, Azure, Base de donnée, équipe, Git, Hadoop, modélisation, Power BI, Programmation, Python, Spark, SQL, Statistique",NA,"34"
"INFOGENE",10,"Secteur informatique, ESN",1,"Communication, équipe, Git, NLP, Python, Rapport, Reporting, SQL",48750,"92"
"ALTECA",7,"Secteur informatique, ESN",0.71,"AWS, Azure, équipe, Hadoop, Optimisation, Power BI, Python, Spark",50000,"59"
"INETUM",31,"Secteur informatique, ESN",7,"AWS, Azure, Bases de donnée, équipe, Excel, Git, Hadoop, Optimisation, Programmation, Python, Spark, SQL, Statistique, Tableau, TensorFlow",NA,"93"
"LIEBHERR-AEROSPACE TOULOUSE",1,"Industrie Aéronautique, Aérospatial",1,"",NA,"31"
"KURIBAY",1,"Industrie Auto, Meca, Navale",1,"",NA,"69"
"SCC",1,"Secteur informatique, ESN",7,"",NA,"92"
"ACTIVUS GROUP",8,"Secteur informatique, ESN",3.25,"équipe, Python, Rapport, Reporting",45400,"31"
"CGI",67,"Secteur informatique, ESN",1.6,"Anglais, Autonome, Autonôme, AWS, Azure, Base de donnée, Bases de donnée, Collaboration, collecte de données, Communication, Curiosité, Dataviz, Deep Learning, équipe, Esprit Critique, Excel, Français, Git, Hadoop, modélisation, Optimisation, Power BI, Programmation, Python, Reporting, Rigueur, Spark, SQL, Statistique, Tableau",NA,"31"
"CRÉDIT AGRICOLE ASSURANCES",9,"Banque, Assurance, Finance",4,"Collaboration, Deep Learning, équipe, Excel, Git, Intelligence artificielle, modélisation, NLP, Optimisation, Power BI, Reporting, Rigueur, Spark, Statistique, Tableau",NA,"75"
"DIOT-SIACI",1,"Banque, Assurance, Finance",1,"",50000,"75"
"BUSINESS & DÉCISION",17,"Secteur informatique, ESN",7,"Azure, Dataviz, Deep Learning, équipe, Hadoop, Power BI, Reporting, Spark, Tableau",NA,"31"
"LIMAGRAIN",1,"Industrie Agro-alimentaire",1,"",NA,"63"
"DELOITTE",8,"Services aux Entreprises",0.33,"Adaptabilité, Anglais, Autonome, Autonôme, Bases de donnée, collecte de données, Communication, Deep Learning, équipe, Esprit Critique, Excel, Git, Hadoop, Intelligence artificielle, modélisation, Optimisation, Power BI, Prévision, Proactif, Programmation, Python, Rapport, Rigueur, Spark, SQL, Statistique, Tableau, TensorFlow",NA,"92"
"CS GROUP",9,"Secteur informatique, ESN",5.44,"équipe, Git, Programmation, Python, Spark, Statistique",NA,"64"
"BERTRANDT",4,"Services aux Entreprises, Industrie Aéronautique, Aérospatial",7,"Base de donnée, Bases de donnée, équipe, Reporting",NA,"31"
"IT&M STATS",1,"Secteur informatique, ESN",NA,"",NA,"75"
"EXTERNATIC RECRUTEMENT",1,"Services aux Entreprises",NA,NA,NA,"44"
"SERVIER",1,"Industrie Pharmaceutique, Biotechn., Chimie",NA,"",NA,"92"
"EXPLEO",10,"Secteur informatique, ESN",7,"Anglais, Autonome, Autonôme, AWS, Azure, Bases de donnée, Collaboration, équipe, Excel, Git, Hadoop, Optimisation, Python, Rapport, Reporting, Spark, SQL, Tableau",NA,"31"
"DAVRICOURT",5,"Secteur informatique, ESN",NA,"Bases de donnée, équipe, Rapport",NA,"59"
"UTIGROUP",7,"Média, Internet, Communication, Distribution, Commerce de gros, Secteur informatique, ESN",7,"équipe, Hadoop, Power BI",40286,"69"
"GROUPE SEB",2,"Distribution, Commerce de gros",0,"Autonome, Autonôme, équipe, Excel, Statistique",NA,"53"
"INNOVA SOLUTIONS",1,"Secteur informatique, ESN",7,"",NA,"6"
"IMT NORD EUROPE",1,"Enseignement, Formation",0,"Deep Learning",NA,"59"
"GROUPE VILAVI",1,"Banque, Assurance, Finance",1,"",NA,"93"
"PROMOVACANCES",1,"Restauration, Tourisme, Hôtellerie, Loisirs",1,"",NA,"75"
"INERIS",4,"Secteur Energie, Environnement",1,"Communication, French",NA,"60"
"NODYA GROUP",4,"Secteur informatique, ESN",7,"AWS, Collaboration, équipe, Optimisation",65333,"13"
"GALERIES LAFAYETTE",2,"Distribution, Commerce de gros",0,"Deep Learning, équipe, Intelligence artificielle",20900,"75"
"OUEST FRANCE",3,"Média, Internet, Communication",0,"Collaboration, équipe, Intelligence artificielle",NA,"35"
"KPMG",15,"Secteur informatique, ESN",0.43,"Anglais, Collaboration, Communication, Data Visualization, Deep Learning, équipe, Excel, Git, modélisation, Optimisation, Power BI, Programmation, Rapport, Reporting, Rigueur, Statistique, Tableau",NA,"92"
"AGH CONSULTING",4,"Industrie high-tech, Telecom",7,"Collaboration, Communication, équipe, Excel, Optimisation, Power BI, Reporting, SQL",NA,"92"
"SODEBO",1,"Industrie Agro-alimentaire",1,"",NA,"85"
"TRSB",4,"Secteur informatique, ESN",7,"Anglais, AWS, Collaboration, Français, Power BI, Rigueur",NA,"75"
"LYNX RH",1,"Services aux Entreprises",NA,"",NA,"49"
"OVHCLOUD",1,"Secteur informatique, ESN",NA,"",NA,"59"
"HR TEAM",3,"Secteur informatique, ESN",1,"équipe, Python, Spark, SQL",37000,"44"
"ALTELIOS TECHNOLOGY GROUP",10,"Secteur informatique, ESN",4,"AWS, Bases de donnée, Collaboration, équipe, Hadoop, Python, Rapport, Rigueur, SQL",43000,"92"
"U IRIS",2,"Secteur informatique, ESN",1,"Collaboration, équipe, Git, Intelligence artificielle, modélisation, Python, SQL",40000,"44"
"ASSURANT",1,"Banque, Assurance, Finance",0,"",NA,"13"
"BRITTANY FERRIES",1,"Tourisme, Hôtellerie, Loisirs",1,"",NA,"29"
"EDENRED",2,"Services aux Entreprises",NA,"Git",NA,"92"
"CRÉDIT AGRICOLE DU NORD EST",2,"Banque, Assurance, Finance",0,"équipe, Français",NA,"51"
"HELLOFRESH",2,"Distribution, Commerce de gros",1,"Python, SQL",NA,"75"
"AUBAY",3,"Secteur informatique, ESN",1,"Collaboration, équipe, Intelligence artificielle, Optimisation",NA,"75"
"BUREAU VERITAS",3,"Secteur informatique, ESN",0,"Anglais, Communication, SQL",NA,"69"
"ENGIE SOLUTIONS",1,"Secteur Energie, Environnement",0,"",NA,"93"
"ORANGE",3,"Industrie high-tech, Telecom",0,"équipe, Tableau",NA,"33"
"IZIWORK",3,"Services aux Entreprises",NA,"Anglais, Excel, Git, Python, SQL",40000,"44"
"MICHAEL PAGE",12,"Services aux Entreprises",0,"Azure, Base de donnée, Bases de donnée, équipe, modélisation, Rapport, Reporting, SQL",51500,"92"
"CAFPI",1,"Banque, Assurance, Finance",0,"",NA,"64"
"KELLY SERVICES",1,"Industrie Pharmaceutique, Biotechn., Chimie",1,"",NA,"91"
"HAYS",9,"Industrie Aéronautique, Aérospatial",0.89,"Bases de donnée, équipe",40125,"31"
"BPCE SA",8,"Banque, Assurance, Finance",7,"Adaptabilité, Autonome, Autonôme, Bases de donnée, Collaboration, Communication, Curiosité, équipe, Git, Power BI, Programmation, Python, Rapport, Reporting, Rigueur, Spark, SQL, Statistique",NA,"75"
"MICHELIN",5,"Industrie Manufacturière",0,"Azure, Bases de donnée, Collaboration, Créativité, Curiosité, Deep Learning, équipe, Français, Git, Intelligence artificielle, modélisation, NLP, PyTorch, Résolution de Problèmes, Rigueur",NA,"63"
"UNIBAIL-RODAMCO-WESTFIELD",2,"Immobilier",NA,"Collaboration, Communication, équipe, Excel, Git, Intelligence artificielle, Power BI, Proactif, Programmation, Python, Statistique, Tableau",NA,"75"
"TORTOISE",1,"Secteur informatique, ESN",NA,"",NA,"75"
"ARTEFACT",7,"Secteur informatique, ESN",0.33,"Anglais, Collaboration, Communication, Creativity, équipe, Excel, Français, Git, Résolution de Problèmes, SQL, Statistique, Tableau",NA,"75"
"ALSTOM",5,"Secteur Energie, Environnement",NA,"Anglais, Attention to Detail, Collaboration, Communication, Database, Deep Learning, English, équipe, Excel, French, Git, Plotly, Python, Statistics, Team Player",NA,"41"
"SOMFY",1,"Industrie high-tech, Telecom",NA,"",NA,"74"
"LCL",6,"Banque, Assurance, Finance",0.33,"Anglais, Bases de donnée, Collaboration, Deep Learning, équipe, Git, Intelligence artificielle, NLP, Programmation, Python, SQL, Statistique, VBA",NA,"94"
"INVENTING FOR LIFE",1,"Industrie Pharmaceutique, Biotechn., Chimie",NA,"",NA,"75"
"PRICEHUBBLE",7,"Immobilier, Secteur informatique, ESN",NA,"Attention to Detail, English, Forecasting, Programming, Python, PyTorch, Spark, SQL, TensorFlow",NA,"75"
"ORTHOGRID SYSTEMS",2,"Secteur informatique, ESN",NA,"C++, Communication, Deep Learning, English, Excel",NA,"67"
"MIRAKL",5,"Média, Internet, Communication, Secteur informatique, ESN",NA,"Autonome, Autonôme, AWS, Collaboration, Deep Learning, équipe, NLP, Python, PyTorch, Spark, SQL, TensorFlow",NA,"75"
"MANE",2,"Industrie Pétrolière, Pétrochimie",NA,"Anglais, Autonome, Autonôme, AWS, Bases de donnée, Excel, Git, modélisation, Programmation, Python, PyTorch, SQL, Statistique, TensorFlow",NA,"6"
"MERITIS",3,"Secteur informatique, ESN",NA,"équipe, Optimisation, Prévision",NA,"75"
"DESCARTES UNDERWRITING",11,"Banque, Assurance, Finance",0,"Autonomous, Communication, English, Excel, Forecasting, French, Python, Statistics",NA,"75"
"CNP ASSURANCES",6,"Banque, Assurance, Finance",0.67,"Collaboration, Curiosité, Deep Learning, équipe, Intelligence artificielle, Proactive, Python, Tableau",NA,"92"
"EQUATIV",4,"Secteur informatique, ESN",NA,"C++, Communication, Deep Learning, English, Excel, Git, Google Cloud, NLP, Optimization, Python, SQL, TensorFlow",NA,"75"
"MANUTAN",2,"Média, Internet, Communication",NA,"Deep Learning, équipe, Optimisation",NA,"95"
"WITHINGS",4,"Distribution, Commerce de gros",0,"Anglais, Communication, Curiosité, Deep Learning, équipe, Français, French, Programmation, Python, PyTorch, Rigueur, TensorFlow",NA,"92"
"VEEPEE_FRANCE",1,"Distribution, Commerce de gros",NA,"",NA,"75"
"ONEPOINT",6,"Secteur informatique, ESN",0,"Anglais, Communication, Créativité, équipe, Excel, Français, Python",NA,"75"
"STAGES",3,"Services aux Entreprises",0.33,"équipe, modélisation",15000,"92"
"GROUPAMA ASSURANCES MUTUELLES",5,"Banque, Assurance, Finance",0,"Anglais, Bases de donnée, Communication, Curiosité, équipe, Français, Git, Intelligence artificielle, modélisation, NLP, Proactif, Python, Rigueur, Statistique",NA,"75"
"CLS – COLLECTE LOCALISATION SATELLITES",1,"Industrie high-tech, Telecom",0,"Deep Learning",NA,"31"
"BELIEVE",2,"Média, Internet, Communication",7,"Anglais, AWS, équipe, Excel, Français, Git, Python, SQL, Statistique",NA,"75"
"FREE",3,"Média, Internet, Communication",0,"Collaboration, équipe, Excel, Optimisation, Statistique",NA,"75"
"AXA ASSURANCES",1,"Banque, Assurance, Finance",NA,"",NA,"92"
"CHANEL",3,"Industrie Manufacturière",NA,"Anglais, Collaboration, Curiosité, Deep Learning, équipe, Matplotlib, modélisation, Optimisation, Python, PyTorch, Reporting, Statistique, TensorFlow",NA,"75"
"STEREOLABS",4,"Secteur informatique, ESN",NA,"C++, Collaboration, Deep Learning, équipe, Intelligence artificielle, Python",NA,"75"
"CRÉDIT AGRICOLE CIB",1,"Banque, Assurance, Finance",0,"Deep Learning",NA,"92"
"UBISOFT",3,"Secteur informatique, ESN",0,"Anglais, équipe, Python, SQL, Statistique",NA,"75"
"PSA RETAIL FRANCE SAS",3,"Distribution, Commerce de gros",0,"Collaboration, Communication",NA,"78"
"CARDIOLOGS",2,"Secteur informatique, ESN",0,"Artificial intelligence, Autonomous, Collaboration, Deep Learning, English, French, Programming, Python, PyTorch, TensorFlow",NA,"75"
"POLYCONSEIL",4,"Secteur informatique, ESN",0,"AWS, équipe, Excel, Français, Git, modélisation, Optimisation, Programmation, Python",NA,"75"
"BOTIFY",2,"Services aux Entreprises",NA,"Collaboration, Communication, Communication Skills, English, Excel, Forecasting, French, Git, Natural Language Processing, Optimization, Python, SQL, Statistics, Team Player",NA,"75"
"PERNOD RICARD",9,"Industrie Agro-alimentaire",NA,"Anglais, Attention to Detail, Autonomous, Azure, Collaboration, Communication, Communication Skills, Curious, data collection, Database, Deep Learning, English, équipe, Excel, Français, French, Git, Optimization, Programming, Project Management, Python, Reporting, Spark, SQL, Statistics, Statistique, Tableau, Team Player",NA,"75"
"AIR LIQUIDE",8,"Industrie Pétrolière, Pétrochimie",0,"Anglais, Apprentissage profond, AWS, Azure, Communication, Curiosité, équipe, Excel, Français, Git, Intelligence artificielle, Matplotlib, Optimisation, Power BI, Python, Rapport, Statistique",NA,"75"
"KERING",1,"Distribution, Commerce de gros",NA,"",NA,"75"
"GROUPE PSA",1,"Industrie Auto, Meca, Navale",0,"",NA,"78"
"HELLO WATT",1,"Secteur Energie, Environnement",0,"",NA,"75"
"LESAFFRE",3,"Industrie Agro-alimentaire",NA,"Collaboration, Communication, Communication Skills, Data Visualization, Database, Deep Learning, English, Excel, French, Git, Matplotlib, Plotly, Programming, Python, Seaborn, SQL, Statistics, Tableau",NA,"59"
"BACK MARKET",4,"Média, Internet, Communication",0,"Artificial intelligence, Curious, Data Cleaning, English, Feature Engineering, French, Natural Language Processing, Preprocessing, Proactive, Programming, Python",NA,"75"
"AIRCALL",2,"Secteur informatique, ESN",0,"Autonomous, Communication, Communication Skills, Curious, English, Excel, French, Python, SQL",NA,"75"
"DEVOTEAM",3,"Secteur informatique, ESN",NA,"AWS, Azure, Créativité, Deep Learning, équipe, Excel, Git, modélisation, Python, SQL, Tableau",NA,"92"
"ILIAD",3,"Industrie high-tech, Telecom, Média, Internet, Communication",0,"Collaboration, équipe, Excel, Optimisation, Statistique",NA,"75"
"ANDRICE",1,"Services aux Entreprises",7,"",NA,"69"
"DANONE",5,"Industrie Agro-alimentaire",0,"Collaboration, Communication, English, équipe, Excel, Git, Python",NA,"75"
"MATMUT",2,"Banque, Assurance, Finance",1,"Deep Learning, Excel, Git, Intelligence artificielle, Python, PyTorch, TensorFlow, Time Series Analysis",NA,"76"
"ADIKTEEV",4,"Secteur informatique, ESN",NA,"Attention to Detail, Autonomous, AWS, Communication, Creativity, Database, Deep Learning, English, Excel, Français, French, Optimization, Python, Spark, SQL, Statistics, TensorFlow",NA,"75"
"ADOC TALENT MANAGEMENT",1,"Services aux Entreprises",NA,"",NA,"75"
"CERTIDEAL",2,"Distribution, Commerce de gros",0,"équipe, French",NA,"92"
"HSBC",2,"Banque, Assurance, Finance",NA,"Anglais, Autonome, Autonôme, équipe, Excel, Python, SQL",NA,"92"
"SHOWROOMPRIVÉ",1,"Média, Internet, Communication",0,"",NA,"93"
"GROUPM",1,"Média, Internet, Communication",NA,"",NA,"75"
"DATAWORDS",1,"Secteur informatique, ESN",NA,"",NA,"92"
"NEOXIA",2,"Secteur informatique, ESN",NA,"Deep Learning, Git, TensorFlow",NA,"75"
"BOULANGER",1,"Distribution, Commerce de gros",7,"",45000,"59"
"CRITEO",2,"Média, Internet, Communication",NA,"Communication, Communication Skills, Excel, Python, Statistics",NA,"75"
"ALMA",1,"Banque, Assurance, Finance",NA,"",NA,"75"
"MEETIC",1,"Média, Internet, Communication",NA,"Deep Learning",NA,"75"
"CHRISTIAN DIOR",2,"Industrie Manufacturière",7,"Deep Learning",NA,"92"
"MEILLEURTAUX",1,"Banque, Assurance, Finance, Média, Internet, Communication",NA,"",NA,"75"
"KYRIBA",2,"Banque, Assurance, Finance",NA,"Artificial intelligence, Communication, Communication Skills, English, Python, Statistics",NA,"92"
"PUBLICIS SAPIENT",1,"Média, Internet, Communication",NA,"",NA,"75"
"BEARINGPOINT FRANCE",3,"Services aux Entreprises",NA,"Anglais, Deep Learning, équipe, Reporting",NA,"92"
"BARTLE",1,"Services aux Entreprises",NA,"",NA,"75"
"ITNOVEM",1,"Secteur informatique, ESN",NA,"",NA,"93"
"SIA PARTNERS",2,"Services aux Entreprises",NA,"Anglais, C++, équipe, Excel, Français, Intelligence artificielle, Optimisation, Prévision, Programmation, Python, Statistique",NA,"75"
"DGTL PERFORMANCE",2,"Secteur informatique, ESN",NA,"Autonomous, Azure, Curious, Database, English, Power BI, SQL",NA,"78"
"KELKOO LTD",1,"Secteur informatique, ESN",NA,"Deep Learning",NA,"38"
"EUROPCAR MOBILITY GROUP",2,"Transport, Logistique",NA,"",NA,"75"
"AB TASTY",1,"Secteur informatique, ESN",NA,"",NA,"75"
"DEEZER",3,"Média, Internet, Communication",0,"Attention to Detail, Business Acumen, Data Visualization, English, French, SQL, Tableau",NA,"75"
"BRGM",5,"Service public des collectivités territoriales",0,"Anglais, Communication, Curiosité, Deep Learning, équipe, Git, modélisation, Optimisation, Prévision, Programmation, Python, Rapport, Statistique",NA,"45"
"SANOFI",7,"Industrie Pharmaceutique, Biotechn., Chimie",NA,"Anglais, Artificial intelligence, Attention to Detail, AWS, Azure, Collaboration, Communication, Communication Skills, Data Visualization, Database, English, Excel, Git, Optimization, Plotly, Power BI, Presentation Skills, Proactive, Programming, Python, Spark, SQL, Tableau, Team Player",NA,"69"
"GROUPAMA ASSET MANAGEMENT",1,"Banque, Assurance, Finance",1,"",NA,"75"
"EKIMETRICS",6,"Secteur informatique, ESN",0,"Anglais, Bases de donnée, Collaboration, Communication, Contrôle de version, Créativité, Curiosité, Deep Learning, équipe, Excel, Git, Optimisation, Programmation, Python, PyTorch, Statistique, TensorFlow",NA,"75"
"GAMELOFT",2,"Secteur informatique, ESN",0,"Autonomous, Communication, English, Feature Engineering, French, Git, Matplotlib, Python, Seaborn, SQL, Team Player",NA,"75"
"NUMBERLY",4,"Média, Internet, Communication",NA,"Anglais, Autonome, Autonôme, Curiosité, Curious, Data Visualization, English, équipe, Proactif, Python, SQL, Tableau, Visualisation de donnée",NA,"75"
"AMAZON",3,"Média, Internet, Communication",0,"AWS, Communication, Communication Skills, Deep Learning, Time Management",NA,"33"
"LENOVO FRANCE",1,"Industrie high-tech, Telecom",NA,"",NA,"40"
"WEWYSE",2,"Média, Internet, Communication",2,"Anglais",NA,"75"
"OCTOPUS IT",1,"Secteur informatique, ESN",NA,"",NA,"75"
"LACOSTE",1,"Distribution, Commerce de gros",NA,NA,NA,"75"
"MALT",1,"Services aux Entreprises",0,"",NA,"75"
"WAVESTONE",2,"Services aux Entreprises",0,"équipe, Git, Tableau",NA,"75"
"HAVAS GROUP",2,"Média, Internet, Communication",7,"Bases de donnée, équipe, Excel, Rigueur",NA,"92"
"EUROFINS",2,"Industrie Pharmaceutique, Biotechn., Chimie",NA,"Communication, Excel",NA,"2"
"INRIA",3,"Service public des collectivités territoriales, Service public d'état, Service public autres",NA,"Collaboration, équipe, Excel, Git, Programming, Python",NA,"13"
"AXEREAL",1,"Industrie Agro-alimentaire",NA,"",NA,"45"
"FIDAL",1,"Secteur informatique, ESN",0,"",NA,"75"
"NISSAN",1,"Industrie Auto, Meca, Navale",NA,"",NA,"78"
"CRÉDIT AGRICOLE CENTRE LOIRE",1,"Banque, Assurance, Finance",0,"",NA,"45"
"GRANT THORNTON",1,"Secteur informatique, ESN",0,"",NA,"92"
"PIGMENT",1,"Secteur informatique, ESN",NA,"Deep Learning",NA,NA
"UPTOO",7,"Services aux Entreprises",NA,"Reporting",45000,"13"
"PARTNAIRE",1,"Services aux Entreprises",7,"",55000,"45"
"CAPGEMINI",16,"Secteur informatique, ESN",1.33,"Anglais, AWS, Azure, Collaboration, équipe, Excel, Git, Google Cloud, Intelligence artificielle, modélisation, Reporting, Spark, SQL",NA,"44"
"FORTUNEO",1,"Banque, Assurance, Finance",NA,"",NA,"29"
"CRÉDIT AGRICOLE CHAMPAGNE BOURGOGNE",2,"Banque, Assurance, Finance",1,"Bases de donnée, Collaboration, équipe, modélisation",45000,"21"
"SIZE UP CONSULTING",2,"Secteur informatique, ESN",7,"équipe, Gestion de Projets",NA,"75"
"EVOTEO CONSULTING",4,"Services aux Entreprises",1,"AWS, équipe, Python, Rapport, Spark, SQL, Tableau",41000,"69"
"LE TÉLÉGRAMME",4,"Média, Internet, Communication",1,"Collaboration, équipe, Git",40000,"29"
"ASTEK",33,"Secteur informatique, ESN",4.33,"Autonome, Autonôme, AWS, Azure, Communication, Curiosité, Dataviz, équipe, Git, Hadoop, modélisation, Power BI, Proactif, Python, Spark, SQL",NA,"75"
"PIXIE SERVICES FRANCE",4,"Secteur informatique, ESN",7,"Bases de donnée, C++, Collaboration, équipe, Hadoop, Programmation, Python, Spark, SQL, Statistique",NA,"59"
"ACII BY AUDENSIEL",2,"Secteur informatique, ESN",1,"équipe, modélisation",35000,"44"
"MAESTRIA",2,"Services aux Entreprises",1,"Azure, équipe, Intelligence artificielle, Programming, Python, Spark",45000,"6"
"MANAGING",2,"Services aux Entreprises",NA,"Collaboration, équipe, Excel, Tableau, Visualisation de donnée",NA,"67"
"ADSEARCH",15,"Services aux Entreprises",1,"Anglais, Azure, Communication, équipe, Excel, Gestion de Projets, modélisation, Optimisation, Programmation, Rapport",48667,"44"
"OBJECTWARE",4,"Secteur informatique, ESN",1,"AWS, Azure, Bases de donnée, équipe, Power BI, Spark, SQL, Tableau",NA,"44"
"LA POSTE GROUPE",6,"Transport, Logistique",1,"Bases de donnée, équipe, Python, Reporting, Tableau",NA,"93"
"SII NORD",10,"Secteur informatique, ESN",0,"Anglais, Autonome, Autonôme, AWS, Azure, Collaboration, Créativité, Curiosité, Deep Learning, équipe, French, Git, Google Cloud, Hadoop, Optimisation, Programmation, Python, Rigueur, Spark, SQL, Tableau",31800,"59"
"EKKIDEN",2,"Secteur informatique, ESN",NA,"Autonome, Autonôme, Bases de donnée, équipe, Git, Google Cloud, Hadoop, Spark, SQL",NA,"75"
"INFOTEL",4,"Secteur informatique, ESN",7,"Bases de donnée, équipe, Git, Hadoop, Spark, SQL",38000,"29"
"FAREVA IT APPS",2,"Industrie Manufacturière",7,"collecte de données, équipe, Reporting",NA,"26"
"INGENIANCE",2,"Secteur informatique, ESN",NA,"AWS, Azure, équipe",NA,"92"
"CIRIL GROUP",3,"Secteur informatique, ESN",1,"Bases de donnée, équipe, Statistique",NA,"13"
"AUTOMOTIVE CELLS COMPANY - ACC",5,"Industrie Manufacturière",3,"Database, Project Management",NA,"33"
"EVIDEN",5,"Secteur informatique, ESN",7,"Anglais, AWS, Communication, Communication Skills, Curiosité, data collection, Database, équipe, Excel, Hadoop, modélisation, Optimisation, Python, SQL",NA,"33"
"OPPBTP",2,"BTP",7,"Bases de donnée, Collaboration, équipe, Git, Intelligence artificielle, Optimisation, Spark, SQL",NA,"92"
"ACENSI",2,"Services aux Entreprises",7,"équipe, Git",45000,"33"
"CELAD",5,"Secteur informatique, ESN",7,"Anglais, Azure, modélisation, Power BI, Python, Reporting, Spark, SQL",35000,"92"
"ATOS",6,"Secteur informatique, ESN",0.75,"Anglais, Autonome, Autonôme, AWS, Azure, Collaboration, équipe, Français, Git, Google Cloud, Hadoop, modélisation, Optimisation, Python, Spark, SQL",NA,"33"
"NORGAY IT & DIGITAL SERVICES",6,"Secteur informatique, ESN",1,"Azure, équipe, Git, modélisation, Power BI, Rapport",36200,"44"
"AFD.TECH",3,"Secteur informatique, ESN",5,"",40000,"59"
"AXEAL",2,"Services aux Entreprises",0,"équipe, SQL",36000,"69"
"UNITED SOLUTIONS",2,"Secteur informatique, ESN",1,"équipe, modélisation, Optimisation",45000,"69"
"BOUYGUES CONSTRUCTION IT",2,"BTP",NA,"équipe, Optimisation, Power BI, Python",NA,"78"
"UNLCK RECRUTEMENT",4,"Services aux Entreprises, Secteur informatique, ESN",3.5,"AWS, Azure, équipe, Hadoop, Python, Spark, SQL",45500,"6"
"GROUPAGORA",7,"Secteur informatique, ESN",2.67,"Bases de donnée, Deep Learning, équipe, Intelligence artificielle, modélisation, Optimisation, Rapport, Reporting, Tableau",45000,"64"
"EXOTEC",4,"Industrie high-tech, Telecom",0,"Anglais, AWS, Collaboration, Communication, équipe, Excel, French, Programmation, Python, Reporting, SQL",NA,"59"
"HARDIS GROUP",7,"Secteur informatique, ESN",4.2,"Autonome, Autonôme, AWS, équipe, Minutieux, modélisation, Python, Spark, SQL",NA,"38"
"EXPECTRA",2,"Banque, Assurance, Finance",1,"Optimisation",40000,"44"
"INEAT",2,"Secteur informatique, ESN",NA,"équipe, Git, modélisation, Power BI, SQL",NA,"59"
"PROXIEL",3,"Secteur informatique, ESN",1,"Collaboration, équipe, Optimisation, Python, SQL",38000,"13"
"GROUPE CRÉATIVE",2,"Secteur informatique, ESN",1,"équipe, Git, Programming, Python, Reporting, Spark, SQL",40000,"59"
"INVIVO DIGITAL FACTORY",2,"Industrie Agro-alimentaire",7,"Collaboration, équipe, Git, modélisation, SQL",NA,"92"
"SOPRA STERIA",44,"Secteur informatique, ESN",5.2,"Adaptabilité, Anglais, AWS, Azure, Bases de donnée, Collaboration, collecte de données, Database, Dataviz, équipe, Esprit Critique, Excel, Git, Hadoop, modélisation, Optimisation, Power BI, Python, Rapport, Reporting, Spark, SQL, Tableau",NA,"44"
"FIDERIM DEUX SAVOIE",1,"Services aux Entreprises",1,"",30000,"74"
"GEODIS",1,"Transport, Logistique",1,"",NA,"73"
"MOBILIZE FINANCIAL SERVICES",1,"Banque, Assurance, Finance, Industrie Auto, Meca, Navale",1,"",NA,"93"
"PERSUADERS RH",2,"Services aux Entreprises",7,"équipe",NA,"92"
"AMILTONE",2,"Secteur informatique, ESN",7,"",31500,"59"
"AUDENSIEL TECHNOLOGIES",3,"Secteur informatique, ESN",7,"Bases de donnée, équipe, modélisation, Optimisation, SQL",NA,"33"
"MAZARS.",2,"Secteur informatique, ESN",7,"AWS, Azure, équipe, Git, Tableau",NA,"92"
"OPEN",2,"Secteur informatique, ESN",NA,"AWS, Azure, équipe, Git, Python, Spark",NA,"92"
"GROUPE ROULLIER",1,"Industrie Agro-alimentaire",0,"",NA,"35"
"CANAL PLUS",1,"Média, Internet, Communication",7,"",NA,"92"
"SII ATLANTIQUE",2,"Secteur informatique, ESN",NA,"Créativité, équipe, Spark",37500,"37"
"OTTEO",2,"Secteur informatique, ESN",1,"équipe, Google Cloud, modélisation",42000,"59"
"CLARANET",4,"Secteur informatique, ESN",7,"AWS, Azure, équipe, Git, Intelligence artificielle, modélisation, Power BI, Python, Spark, SQL",NA,"59"
"BPCE SOLUTIONS INFORMATIQUES",5,"Banque, Assurance, Finance",NA,"Adaptabilité, Collaboration, Curiosité, équipe, Git, Google Cloud, Optimisation, Python, Rigueur, Spark, SQL",NA,"44"
"VIVERIS.",5,"Secteur informatique, ESN",1,"équipe",40000,"94"
"SQLI",1,"Secteur informatique, ESN",0,"",NA,"76"
"ALPEE",3,"Secteur Energie, Environnement",1,"",36667,"74"
"LOC MARIA BISCUITS",2,"Industrie Agro-alimentaire",7,"Collaboration, équipe, modélisation, Power BI, Reporting",NA,"22"
"ADAPT RH",1,"Services aux Entreprises",7,"",60000,"75"
"BUT",2,"Distribution, Commerce de gros",NA,"Autonome, Autonôme, Bases de donnée, collecte de données, équipe, Excel, Git, Power BI, Python, Reporting, SQL, Statistique, Tableau",NA,"77"
"MOSICA",2,"Secteur informatique, ESN",1,"AWS, équipe, Hadoop, Programmation, Python, Spark",NA,"44"
"SFR",6,"Industrie high-tech, Telecom",0,"Adaptabilité, Anglais, Bases de donnée, Collaboration, Communication, Curiosité, Dataviz, équipe, Excel, Français, Google Cloud, Hadoop, Optimisation, Prévision, Programmation, Reporting, Spark, SQL, Statistique, Tableau, VBA",NA,"75"
"TUANIS IT",2,"Secteur informatique, ESN",7,"Anglais, équipe, Hadoop, modélisation, Optimisation, Power BI, Reporting, Spark, SQL",NA,"31"
"MORGAN PHILIPS EXECUTIVE SEARCH",2,"Industrie Pharmaceutique, Biotechn., Chimie",7,"Collaboration, équipe, Git",NA,"92"
"RSM",2,"Banque, Assurance, Finance",0,"Excel, Français, Optimisation, Rapport",NA,"44"
"HARRY HOPE",3,"Services aux Entreprises",1,"Bases de donnée, Collaboration, équipe, modélisation",41667,"21"
"SEPT LIEUES",5,"Services aux Entreprises",7,"Anglais, AWS, Communication, équipe, Git, Programming, Python, Spark, SQL, Statistique",60000,"75"
"PMU",3,"Service public des collectivités territoriales",1,"AWS, Collaboration, équipe, modélisation, Spark",60000,"75"
"K-RYOLE",2,"Industrie Manufacturière, Distribution, Commerce de gros",0,"équipe, Tableau",NA,"75"
"LR TECHNOLOGIES NORD",2,"Services aux Entreprises, Secteur informatique, ESN",1,"Collaboration, équipe, Git, Google Cloud, modélisation, Power BI, SQL",40000,"59"
"ACCENTURE FRANCE",60,"Secteur informatique, ESN",6.4,"Créativité, équipe, Git",NA,"6"
"OMNICIEL",2,"Services aux Entreprises, Secteur informatique, ESN",1,"Dataviz, équipe, Rapport, Tableau",40000,"13"
"AZURA GROUP / DISMA INTERATIONAL",2,"Distribution, Commerce de gros",7,"Bases de donnée, Intelligence artificielle, Reporting, Tableau",NA,"66"
"SILKHOM",3,"Services aux Entreprises",NA,"équipe, Français, Power BI, Prévision, SQL",45000,"56"
"RAKAM",2,"Services aux Entreprises",NA,NA,NA,"92"
"AIS",2,"Secteur informatique, ESN",NA,"Bases de donnée, équipe, Excel, Optimisation, Power BI, SQL",NA,"44"
"EXTERNATIC",2,"Services aux Entreprises",1,"équipe, Rapport, Tableau",40000,"44"
"GROUPE OGF",2,"BEP, CAP, Services aux Personnes, Particuliers",NA,"Azure, Bases de donnée, équipe, modélisation, Power BI, SQL",52500,"13"
"JOB STAGING",2,"Industrie high-tech, Telecom, Secteur informatique, ESN",7,"Autonome, Autonôme, Collaboration, équipe, Git, modélisation, Optimisation, Power BI, Rigueur, SQL",NA,"56"
"SOREDAB",2,"Industrie Agro-alimentaire",0,"Azure, Curiosité, équipe, Git, Optimisation, Python, SQL",NA,"78"
"GROUPE ORTEC",2,"Industrie Pétrolière, Pétrochimie, Secteur Energie, Environnement",0,"Bases de donnée, équipe, NLP",NA,"92"
"SCALIAN",2,"Santé, Social, Association, Secteur informatique, ESN",7,"SQL, Tableau",38000,"35"
"TWENTY ONE TALENTS",2,"Industrie high-tech, Telecom, Média, Internet, Communication",7,"Collaboration, équipe, Optimisation",48000,"75"
"MASER ENGINEERING",2,"Services aux Entreprises",1,NA,30000,"31"
"CONSEPT INGENIERIE",1,"Secteur informatique, ESN",7,NA,30000,"35"
"ORANGE BUSINESS",4,"Secteur informatique, ESN",2.5,"équipe",NA,"13"
"BOUYGUES TRAVAUX PUBLICS",1,"BTP",0,"",NA,"26"
"ENDRIX",1,"BEP, CAP, Banque, Assurance, Finance",NA,"",NA,"69"
"ESPRIT RH",1,"Services aux Entreprises",1,"",NA,"31"
"MYDRAL",5,"Secteur informatique, ESN",7,"Anglais, Autonome, Autonôme, Dataviz, équipe, Excel, modélisation, Power BI, Python, Reporting, Rigueur, SQL, Tableau",49750,"75"
"SII OUEST",4,"Secteur informatique, ESN",NA,"Autonome, Autonôme, Communication, Créativité, équipe, Hadoop, Spark, SQL",38750,"72"
"GALEC SERVICES CENTRAUX",6,"Distribution, Commerce de gros",1,"Autonome, Autonôme, Collaboration, Dataviz, équipe, Google Cloud, Python, SQL",NA,"94"
"REPRO-IT",2,"Distribution, Commerce de gros, Secteur informatique, ESN",7,"Collaboration, équipe",28800,"59"
"GROUPE ADP",4,"Transport, Logistique",0,"Anglais, équipe, Intelligence artificielle, Optimisation, Power BI, Prévision",NA,"94"
"CONSORT GROUP",2,"Secteur informatique, ESN",1,"Communication, équipe, Hadoop, Python, SQL",NA,"33"
"EDF",5,"Secteur Energie, Environnement",0,"Collaboration, équipe, Français, Python, SQL",NA,"92"
"CHR NUMÉRIQUE",1,"Secteur informatique, ESN",1,"",NA,"29"
"ASI",4,"Secteur informatique, ESN",7,"AWS, Azure, Bases de donnée, Communication, équipe, Git, Google Cloud, Hadoop, Programmation, Python, Spark, SQL",NA,"69"
"BRAINPOWER",1,"Secteur informatique, ESN",NA,"",NA,"38"
"ADEQUATION",1,"Services aux Entreprises, Immobilier",7,"",NA,NA
"WE IT",1,"Média, Internet, Communication, Secteur informatique, ESN",1,"",42000,NA
"ABIL RESSOURCES",1,"Services aux Entreprises, Secteur informatique, ESN",1,"Deep Learning",45000,"94"
"LE BON CANDIDAT RECRUTEMENT",1,"Services aux Entreprises",NA,"",40000,"94"
"CRÉDIT AGRICOLE GROUP INFRASTRUCTURE PLATEFORM",1,"Banque, Assurance, Finance",1,"",NA,"34"
"NAVA ENGINEERING",1,"Industrie Aéronautique, Aérospatial, Secteur informatique, ESN",7,"",43000,"31"
"SII EST",1,"Secteur informatique, ESN",1,"",30000,"67"
"ADOD",1,"Secteur informatique, ESN",7,"",NA,"69"
"MONDIAL RELAY",1,"Transport, Logistique",7,"",NA,"59"
"JOBMANIA",1,"Services aux Entreprises, Média, Internet, Communication",1,"",NA,"75"
"EXAKIS NELITE",1,"Secteur informatique, ESN",1,"",NA,"31"
"WALTERS PEOPLE",1,"Distribution, Commerce de gros",1,"",35000,"95"
"IN EXTENSO",2,"Secteur informatique, ESN",0.5,"AWS, Azure, équipe, Git, Power BI, Python, SQL, Tableau",NA,"75"
"52 ENTERTAINMENT",7,"",3,"A/B Testing, Communication, Communication Skills, English, Excel, SQL, Tableau",NA,NA
"EVS PROFESSIONNEL",15,"",3,"Bases de donnée, Collaboration, équipe, Excel, Git, Reporting, SQL, Statistique, Tableau",NA,"69"
"EVANEOS",13,"",3,"Autonome, Autonôme, équipe, Excel, Git, Rapport, Tableau",NA,NA
"DATASCIENTEST",17,"",1.5,"Anglais, Autonome, Autonôme, AWS, Azure, Base de donnée, Collaboration, Deep Learning, équipe, Excel, Git, Hadoop, Programmation, Python, Rapport, Rigueur, SQL",35975,"75"
"WANTEEED",7,"",4,"Autonome, Autonôme, Collaboration, Dataviz, équipe, R Studio, SQL, Statistique",45500,NA
"KAROS MOBILITY",7,"",3,"Collaboration, Communication, équipe, Excel, Python, R Studio, Rapport, SQL, Statistique",5000,NA
"CONTEXTE",7,"",5,"Collaboration, équipe, Python, SQL, Statistique, Tableau, Visualisation de donnée",NA,NA
"AGORASTORE",7,"",NA,"Anglais, AWS, Collaboration, Curiosité, équipe, Git, modélisation, Power BI, Programmation, Python, Rapport, Résolution de Problèmes, Rigueur, SQL, Tableau",NA,NA
"HOVE",7,"",NA,"Anglais, équipe, Français, Power BI, Rapport, SQL, Tableau",NA,NA
"CENOVA",9,"",2,"Anglais, Autonome, Autonôme, AWS, Azure, Curiosité, équipe, Git, modélisation, Power BI, Proactif, Python, Rapport, SQL, Statistique, Tableau",NA,"59"
"SKIILS",14,"",3,"Anglais, collecte de données, équipe, Excel, modélisation, Power BI, Prévision, Python, Rapport, Statistique, Tableau",51150,NA
"VISIAN",9,"",4,"Anglais, Bases de donnée, Git, Python, SQL, Tableau",NA,"75"
"LIVINGPACKETS",21,"",3,"Autonome, Autonôme, AWS, Azure, Bases de donnée, Collaboration, Deep Learning, équipe, Git, NLP, Optimisation, Programmation, Python, Reporting, Spark, SQL, Tableau",37100,NA
"MILLION VICTORIES",7,"",NA,"A/B Testing, Autonomous, Creativity, Database, English, Proactive, Programming, Python, SQL",NA,NA
"EVOTEO",21,"",3,"AWS, Azure, Base de donnée, équipe, Git, Hadoop, Power BI, Python, Rapport, Rigueur, Spark, SQL, Tableau",38433,NA
"WIVOO",16,"",NA,"Anglais, Autonome, Autonôme, AWS, Azure, Bases de donnée, Communication, équipe, Excel, Power BI, Programmation, Python, Rapport, Reporting, Résolution de Problèmes, Rigueur, Seaborn, Spark, SQL, Statistique, Tableau, Visualisation de donnée",NA,NA
"COFACE",7,"",NA,"Attention to Detail, Communication, Data Visualization, Database, Database Management, English, Excel, French, Power BI, Presentation Skills, Statistics",NA,NA
"HIPTO",7,"",NA,"AWS, Curiosité, équipe, Optimisation, Programmation, Python, SQL, Tableau",NA,NA
"WIZVILLE",7,"",2,"Bases de donnée, Collaboration, Communication, Curiosité, Data Visualization, équipe, modélisation, Programmation, Python, SQL",45500,NA
"BSPORT SOLUTION",7,"",NA,"AWS, Database, Optimisation, Proactive, Python, SQL",NA,NA
"THE PRODUCT CREW",7,"",NA,"Français",NA,NA
"TATA CONSULTANCY SERVICES",7,"",4,"Adaptability, Git, Programming, Project Management, SQL",NA,NA
"WARNER MUSIC FRANCE",7,"",NA,"Anglais, Collaboration, Communication, équipe, Excel, Français, Git, Python, Rapport, SQL, Tableau",NA,NA
"ERGOSS LOGICIELS",7,"",NA,"Autonome, Autonôme, équipe, Programmation, Rapport",NA,NA
"FAIRLY MADE",1,"",3,"",NA,NA
"APHP DSI",13,"",2,"Anglais, Bases de donnée, Collaboration, Deep Learning, équipe, Hadoop, Intelligence artificielle, modélisation, Optimisation, Python, Reporting, Spark, SQL, Statistique",NA,NA
"MP DATA",38,"",2.5,"Anglais, Autonome, Autonôme, AWS, Azure, Base de donnée, Collaboration, Deep Learning, équipe, Excel, Feature Engineering, Français, Git, Matplotlib, modélisation, NLP, Power BI, Programmation, Python, PyTorch, Spark, SQL, Statistique, TensorFlow",46541,"92"
"GALEC - MOUVEMENT E.LECLERC",28,"",5.5,"Azure, Bases de donnée, Collaboration, Communication, équipe, Gestion de Projets, Git, Google Cloud, modélisation, SQL, Statistique, Tableau",NA,NA
"CONSORTIA",7,"",NA,"Communication, équipe, Hadoop, modélisation, Optimisation, Spark, SQL",NA,NA
"RADÈS",7,"",3,"Anglais, Curiosité, équipe, Excel",45500,NA
"SAEGUS",7,"",4,"Anglais, Azure, équipe, Excel, Français, modélisation, Power BI, Python, SQL, Tableau",48600,NA
"CYLLENE",28,"",4,"Autonome, Autonôme, AWS, Azure, Collaboration, équipe, Git, Hadoop, Optimisation, Power BI, Programmation, Python, Spark, SQL",45500,NA
"INNOVELA",26,"",2,"Autonome, Autonôme, Bases de donnée, équipe, Hadoop, Programmation, Python, Spark",50700,NA
"KLINT CONSULTING",7,"",5,"équipe, Reporting",55700,NA
"HEALTH DATA HUB",7,"",NA,"Azure, Bases de donnée, Deep Learning, équipe, Git, NLP, Rigueur, Statistique",NA,NA
"LA RELÈVE",7,"",4,"Communication, équipe, Git, modélisation, Statistique",NA,NA
"DIRECTION INTERMINISTÉRIELLE DU NUMÉRIQUE (DINUM) – SERVICE DU PREMIER MINISTRE",7,"",NA,"Bases de donnée, équipe, Git, Python, Rigueur, Spark",NA,NA
"OSE ENGINEERING",7,"",NA,"Autonome, Autonôme, Bases de donnée, équipe, Intelligence artificielle, modélisation, Programmation, Python, Rapport, Statistique",NA,NA
"ARTELYS",7,"",3,"Autonome, Autonôme, Deep Learning, équipe, Intelligence artificielle, modélisation, NLP, Prévision, Python, Statistique",NA,NA
"KANBIOS",12,"",3.5,"Anglais, Autonome, Autonôme, Bases de donnée, Communication, Créativité, Curiosité, équipe, Excel, Français, Gestion de Projets, Power BI, Programmation, Python, Résolution de Problèmes, SQL, Statistique, Tableau",NA,NA
"DIGIWIDE",1,"",NA,"",NA,"33"
"SIGHTENGINE",1,"",NA,"",NA,NA
"GROUPE KERING",4,"",NA,"Curious, Data Visualization, English, Excel, French, Python, Reporting, SQL, Statistics",NA,"75"
"LNE",1,"",NA,"",NA,"75"
"MSD",2,"",NA,"Collaboration, Créativité, équipe",NA,"75"
"SURICATE IT",1,"",NA,"Deep Learning",NA,"75"
"JOHNSON & JOHNSON",1,"",NA,"Deep Learning",NA,"92"
"SHIFT TECHNOLOGY",2,"",NA,"English, French, Statistics",NA,"75"
"CAPITAL MANAGEMENT FUND",2,"",NA,"Collaboration, Deep Learning, Python, Statistics",NA,"75"
"LICORNE SOCIETY",2,"",NA,"",NA,"75"
"PUR",1,"",NA,"Deep Learning",NA,"75"
"GRANT THORNTON FRANCE",3,"",NA,"Anglais, Base de donnée, équipe, Excel, Power BI, Programmation, SQL",NA,"92"
"PROFIL",9,"",NA,"Anglais, Autonome, Autonôme, Base de donnée, Bases de donnée, Collaboration, Curiosité, Deep Learning, équipe, Excel, Git, Optimisation, Programmation, Python, Rapport, Reporting, SQL, Statistique, Tableau",33050,"75"
"SYSTEMATHICS",2,"",NA,"data collection, Data Visualization, Python",NA,"75"
"BOSTON CONSULTING GROUP",2,"",NA,"Collaboration, Curious, Git, Project Management, Python, Spark, Statistics",NA,"75"
"RAKUTEN",1,"",NA,"Deep Learning",NA,"75"
"PHILIPS",1,"",NA,"",NA,"75"
"CRÉDIT AGRICOLE S.A.",1,"",NA,"",NA,"92"
"COPERNEEC",2,"",NA,"Deep Learning, équipe, Python",NA,"75"
"SCOR",2,"",NA,"Deep Learning, Natural Language Processing, NLP, Programming, Python",NA,"75"
"ACCORCORPO",1,"",NA,"",NA,"92"
"D3S",1,"",NA,"Deep Learning",50000,"38"
"DASSAULT SYSTÈMES",11,"",NA,"Anglais, Base de donnée, Bases de donnée, C++, Collaboration, Communication, Deep Learning, équipe, Excel, Forecasting, Gestion de Projets, Git, Intelligence artificielle, modélisation, Natural Language Processing, Optimisation, Power BI, Proactif, Programmation, Python, Rapport, Rigueur, SQL, Statistique, Tableau",NA,"78"
"AVISIA",2,"",NA,"AWS, Azure, équipe, Excel, Python, SQL",NA,"75"
"IVALUA",1,"",NA,"Deep Learning",NA,"91"
"LA BANQUE POSTALE",5,"",NA,"Deep Learning, équipe, Excel, Git, modélisation, Python, SQL, Statistique",NA,"75"
"HAGER GROUP",1,"",NA,"",NA,"33"
"FRANÇAISE DES JEUX",1,"",NA,"",NA,"92"
"ROCHE",1,"",NA,"",NA,"75"
"MALAKOFF HUMANIS",4,"",NA,"Autonome, Autonôme, Collaboration, Deep Learning, équipe, Git, Intelligence artificielle, modélisation, NLP, Python, PyTorch, Rapport, Rigueur, Statistique, TensorFlow",NA,"75"
"APPLE",1,"",NA,"Deep Learning",NA,"75"
"CRÉDIT AGRICOLE CONSUMER FINANCE",8,"",NA,"Anglais, Collaboration, équipe, Esprit Critique, Excel, Français, Git, Intelligence artificielle, modélisation, Optimisation, Python, Rapport, Reporting, Rigueur, Statistique, Tableau",NA,"91"
"POLARYS",2,"",NA,"Deep Learning, English, équipe, Rigueur",NA,"92"
"IPSEN PHARMA (SAS)",1,"",NA,"",NA,"92"
"ACSSI",1,"",NA,"",NA,"75"
"MARGO CONSEIL",1,"",NA,"Deep Learning",NA,"75"
"AFTERDATA",1,"",NA,"",NA,"75"
"ORNIKAR",1,"",NA,"",NA,"75"
"BANQUE DE FRANCE",3,"",NA,"Communication, Curiosité, Deep Learning, équipe, Français, Programmation, Python, Statistique",NA,"75"
"SYMPHONYAI",1,"",NA,"Deep Learning",NA,"75"
"FRANFINANCE",1,"",NA,"",NA,"92"
"HP",1,"",NA,"",NA,"38"
"STREEM ENERGY",1,"",NA,"Deep Learning",NA,"75"
"FRETBAY",1,"",NA,"",NA,"75"
"PROSOL",1,"",NA,"",NA,"69"
"AQUILA DATA ENABLER",3,"",NA,"Deep Learning, équipe, modélisation, Optimisation, Prévision, Python, Statistique, Tableau, Visualisation de donnée",NA,"92"
"MBR PARTNERS",1,"",NA,"",NA,"75"
"SULLY GROUP",1,"",NA,"",NA,"38"
"SII",1,"",NA,"",42000,"92"
"KICKLOX",14,"",NA,"Anglais, AWS, Azure, Bases de donnée, Collaboration, Communication, Deep Learning, English, équipe, Excel, Français, French, Git, modélisation, Power BI, Prévision, Programmation, Python, Rapport, Reporting, Résolution de Problèmes, Rigueur, Spark, SQL, Statistique, Tableau, Visualisation de donnée",65000,"78"
"XPDEEP",1,"",NA,"Deep Learning",NA,"38"
"SYNOPSIA",1,"",NA,"",45000,"75"
"ICM INSTITUT DU CERVEAU",1,"",NA,"",40000,"75"
"SPARTEO",1,"",NA,"",NA,"59"
"AIRBUS HELICOPTERS SAS",3,"",NA,"Anglais, Communication, Deep Learning, English, équipe, Français, Git, Python",NA,"13"
"RD2 CONSEIL",2,"",NA,"Anglais, Collaboration, équipe, Intelligence artificielle, Programmation, Python, Statistique",NA,"69"
"EASY CASH",1,"",NA,"",NA,NA
"AIXIAL",1,"",NA,"",NA,"92"
"SCHNEIDER ELECTRIC",5,"",NA,"Anglais, Azure, Communication, Communication Skills, Deep Learning, équipe, Excel, French, Git, NLP, Optimisation, Python, Rigueur, Tableau",NA,"6"
"HOLCIM",2,"",NA,"Data Visualization, Programming, Python",NA,"38"
"BLUE-CONSULTING",2,"",NA,"Deep Learning, Python",NA,"75"
"SKIILS SAS",3,"",NA,"Python, SQL",NA,"75"
"DÉPARTEMENT DU VAL-DE-MARNE",1,"",NA,"",NA,NA
"BALENCIAGA",1,"",NA,"",NA,"75"
"SALOMON",2,"",NA,"Anglais, Autonome, Autonôme, équipe, Excel",NA,"74"
"TOTALENERGIES",6,"",NA,"Anglais, Base de donnée, Bases de donnée, équipe, Excel, Git, modélisation, Power BI, Programmation, Python, Rigueur, Statistique",NA,"92"
"DIALONCE",1,"",NA,"Deep Learning",NA,"75"
"SIACI SAINT HONORE",2,"",NA,"Bases de donnée, équipe, Intelligence artificielle, Programmation, Python, Statistique",NA,"75"
"CEB",1,"",NA,"",NA,"75"
"AIA BORDEAUX",1,"",NA,"",NA,"33"
"DASSAULT AVIATION",1,"",NA,"",NA,NA
"DÉPARTEMENT DE SAÔNE-ET-LOIRE",1,"",NA,"",NA,NA
"VAISALA",1,"",NA,"",NA,"75"
"NOVENCIA",4,"",NA,"Anglais, AWS, Azure, Collaboration, Deep Learning, équipe, Git, Intelligence artificielle, modélisation, NLP, Optimisation, Power BI, Programmation, Python, Rapport, Statistique",NA,"75"
"1G-LINK CONSULTING",2,"",NA,"équipe, Python, SQL",40000,"75"
"NOVO NORDISK",1,"",NA,"",NA,"28"
"NANTES UNIVERSITE",1,"",NA,"",NA,"44"
"NESTLE OPERATIONAL SERVICES WORLDWIDE SA",3,"",NA,"Anglais, équipe, Français, Power BI, Rapport, SQL",NA,"75"
"DOCARET",1,"",NA,"",38000,"33"
"CNRS",2,"",NA,"Anglais, Communication, Contrôle de version, équipe, Gestion de Projets, Git, modélisation, Programmation, Python, Statistique",NA,"38"
"OPÉRA CONSEIL",1,"",NA,"Deep Learning",NA,"69"
"WESMART",1,"",NA,"",45000,"75"
"GENIEM",2,"",NA,"Deep Learning, Python",NA,"59"
"CNES - CENTRE NATIONAL D'ETUDES SPATIALES",2,"",NA,"",NA,"91"
"AIRBUS SAS",1,"",NA,"",NA,"31"
"WEKEY",1,"",NA,"",NA,"79"
"OCDE",2,"",NA,"Anglais, Collaboration, équipe, Éthique et Intégrité, Excel, Français, Git, Power BI, Python, SQL, Statistique, VBA",NA,"75"
"KAÏBEE",1,"",NA,"",NA,"75"
"META",2,"",NA,"Deep Learning, Git, Python, PyTorch",NA,"75"
"VISUARY",1,"",NA,"",NA,"75"
"LANGTON HOWARTH",1,"",NA,"",NA,"75"
"EMERTON GROUP",3,"",NA,"AWS, Azure, Business Acumen, Communication, Communication Skills, English, Excel, French, Git, Google Cloud, Optimization, Programming, Python, SQL, Statistical Modeling, Statistics",NA,"75"
"THALES",6,"",NA,"Base de donnée, Collaboration, Communication, Deep Learning, équipe, Excel, Git, Intelligence artificielle, Programmation, Python, Reporting, Résolution de Problèmes, Rigueur, Spark, SQL, Statistique",NA,"92"
"LITY",1,"",NA,"",80000,"75"
"CHRU DE BREST",1,"",NA,"Deep Learning",NA,"29"
"SATT SUD EST",1,"",NA,"Deep Learning",31000,"13"
"SCIENCE ME UP",1,"",NA,"",NA,NA
"INSTITUT DU CERVEAU",1,"",NA,"",NA,"75"
"STELLANTIS",8,"",NA,"Collaboration, Communication, équipe, Git, Optimisation, Résolution de Problèmes",NA,"78"
"HÔPITAL CAVALE BLANCHE",1,"",NA,"Deep Learning",NA,"29"
"SOMFY GROUP",2,"",NA,"Anglais, équipe, Excel, Français, Git",NA,"74"
"HÔPITAL NATIONAL DES QUINZE-VINGTS",2,"",NA,"Collaboration, Rapport",NA,"75"
"SIÈGE DE L'AP-HP",1,"",NA,"",NA,"75"
"ELAP",1,"",NA,"",NA,"75"
"SNCF",2,"",NA,"équipe, Programmation, Rapport",NA,"75"
"DIAMIDEX",1,"",NA,"Deep Learning",35000,NA
"LA BCI",1,"",NA,"",NA,NA
"AUTOBIZ",1,"",NA,"",NA,"92"
"OPTEAMIS",1,"",NA,"",NA,"75"
"GENERALI FRANCE",6,"",NA,"Autonome, Autonôme, Bases de donnée, Dataviz, équipe, Hadoop, modélisation, Power BI, Programmation, Python, Reporting, Spark, SQL, Statistique, Tableau",NA,"93"
"AZAP",2,"",NA,"Anglais, équipe, Français, Prévision, Programmation, Statistique",NA,"75"
"PARIS-SACLAY CENTER FOR DATA SCIENCE",1,"",NA,"",NA,"91"
"CHD VENDÉE - DRH",1,"",NA,"Deep Learning",NA,"85"
"KROISSANCE",1,"",NA,"",40000,"31"
"SYSTNAPS",1,"",NA,"",NA,"94"
"QUANTILIA",1,"",NA,"",NA,"6"
"VEEPEE",1,"",NA,"",NA,"75"
"ABORO",1,"",NA,"",NA,NA
"CAISSE DES DÉPÔTS",3,"",NA,"équipe, Excel, Git, modélisation, Programmation, Reporting, Tableau",NA,"75"
"STALAVEN",1,"",NA,"",NA,"22"
"E.LECLERC",1,"",NA,"",NA,"40"
"AUCHAN RETAIL INTERNATIONAL",1,"",NA,"",NA,"59"
"ENEDIS",1,"",NA,"",NA,"69"
"CLS",1,"",NA,"Deep Learning",NA,"31"
"GROUPE LIMAGRAIN",1,"",NA,"",NA,"63"
"CEA",1,"",NA,"Deep Learning",NA,"91"
"GEMY AUTOMOBILES",2,"",NA,"équipe, Python, Statistique",NA,NA
"AIRBUS",4,"",NA,"Anglais, Azure, Communication, Créativité, équipe, Excel, Français, Gestion de Projets, Git, Google Cloud, Prévision, Python, Rigueur, Spark, SQL, Statistique, Tableau",NA,"13"
"GROUPE BEAUMANOIR (SIÈGE)",1,"",NA,"",NA,"35"
"RENAULT GROUP",7,"",NA,"Anglais, Base de donnée, Bases de donnée, équipe, Excel, Git, Optimisation, Project Management, Python, SQL",NA,"78"
"ERAMET",1,"",NA,"",NA,"78"
"KEOLIS TOURS",1,"",NA,"",NA,"37"
"MCKINSEY & COMPANY",2,"",NA,"Communication, Communication Skills, Creativity, Deep Learning, English, Excel, French, Optimization, Python, SQL, Statistics",NA,"75"
"SERMA TECHNOLOGIES",1,"",NA,"",NA,"33"
"CHELA+",1,"",NA,"",NA,"94"
"SEPHORA",2,"",NA,"Collaboration, Créativité, équipe, Excel",NA,"45"
"FABDEV",1,"",NA,"",NA,"75"
"CENTRE HOSPITALIER DÉPARTEMENTAL DE VENDÉE",1,"",NA,"Deep Learning",NA,"85"
"DATADOG",3,"",NA,"Collaboration, Creativity, Excel, Git, Python",NA,"75"
"ABEILLE ASSURANCES",2,"",NA,"Deep Learning, équipe, Français",NA,"92"
"INSTITUT DU CERVEAU ET DE LA MOELLE ÉPINIÈRE",1,"",NA,"",NA,"75"
"DAVIDSON",1,"",NA,"",NA,"92"
"CENTRE HOSPITALIER DÉPARTEMENTAL VENDÉE SITE DE LA ROCHE SUR YON",1,"",NA,"Deep Learning",NA,"85"
"EYETECH SOLUTIONS",1,"",NA,"",45000,"75"
"PEOPLE WAY",1,"",NA,"",NA,"75"
"WHEEL OF WORK",1,"",NA,"",NA,"59"
"FOODLES",1,"",NA,"",NA,"92"
"XL CATLIN",1,"",NA,"",NA,"75"
"COUNCIL OF EUROPE DEVELOPMENT BANK",1,"",NA,"",NA,"75"
"SILAMIR",1,"",NA,"",NA,"75"
"LIEBHERR-AEROSPACE TOULOUSE SAS",1,"",NA,"",NA,"31"
"BUSINESS & DECISION",4,"",NA,"AWS, Azure, Communication, Deep Learning, équipe, Français, Git, Intelligence artificielle, Python, SQL, Tableau",NA,"75"
"EGIS",1,"",NA,"",NA,"69"
"CONTINENTAL",2,"",NA,"Communication, Communication Skills, Data Visualization, English, Excel, Git, Power BI, Programming, Python, Reporting, SQL, Statistics",NA,"31"
"HARMONIE MUTUELLE",1,"",NA,"",NA,"35"
"MBDA FRANCE",1,"",NA,"",NA,"18"
"CHARLI GROUP",1,"",NA,"",NA,"92"
"PERSÉ BEAUTY",1,"",NA,"",NA,"75"
"NATIXIS SA",2,"",NA,"Collaboration, Deep Learning, English, équipe, Excel, Optimisation",NA,"75"
"AXA PARTNERS",1,"",NA,"",NA,"92"
"CRÉDIT AGRICOLE DES RÉGIONS DU CENTRE",1,"",NA,"",NA,"45"
"METYIS",1,"",NA,"",NA,"75"
"KAINO",2,"",NA,"AWS, Collaboration, équipe, Proactif, Programmation, Python",60000,"75"
"CLEEVEN SE",1,"",NA,"",25000,"6"
"LA SÉCU RECRUTE",6,"",NA,"Bases de donnée, équipe, Programmation, SQL, Statistique, Tableau",36700,"75"
"CAPGEMINI INVENT",47,"",NA,"Anglais, Collaboration, Communication, Créativité, Curiosité, équipe, Excel, Git, Intelligence artificielle, Optimisation",NA,"75"
"CAISSE D'EPARGNE GRAND EST EUROPE",1,"",NA,"",NA,"57"
"AVIENT",1,"",NA,"",NA,"1"
"SAINT GOBAIN",2,"",NA,"Anglais, Deep Learning, équipe, Français, Git, Python, Statistique",NA,"92"
"VIATRIS",1,"",NA,"",NA,"69"
"ZOĪ",1,"",NA,"",NA,"75"
"TF1",1,"",NA,"",NA,"75"
"CAISSE D'EPARGNE RHÔNE ALPES",2,"",NA,"Bases de donnée, Excel, Power BI, Rigueur, SQL",NA,"38"
"GUEUDET",1,"",NA,"",NA,"80"
"BAYER",1,"",NA,"",NA,"69"
"INFOPRO DIGITAL",1,"",NA,"",NA,"92"
"MAIF",2,"",NA,"équipe, SQL",NA,"79"
"BOURSORAMA",2,"",NA,"équipe, Python, Reporting, Statistique",NA,"92"
"SOCIÉTÉ GÉNÉRALE",6,"",NA,"Communication, Dataviz, Deep Learning, English, équipe, Excel, Français, Optimisation, Power BI, Python, Reporting, Rigueur, Tableau, VBA",NA,"92"
"KAINO CONSULTING",1,"",NA,"",NA,"75"
"DOCTOLIB",2,"",NA,"Collaboration, Deep Learning, English, NLP",NA,"75"
"CAISSE D'EPARGNE AQUITAINE POITOU CHARENTES",1,"",NA,"",NA,"33"
"GROUPE BPCE",5,"",NA,"Bases de donnée, équipe, Excel, Power BI, Reporting, Rigueur, SQL, Statistique, Tableau",NA,"33"
"GROUPAMA RHÔNE ALPES AUVERGNE",1,"",NA,"",NA,"69"
"QIMA",1,"",NA,"",NA,NA
"ARCOM",1,"",NA,"",NA,"75"
"CIVILS DE LA DÉFENSE",1,"",NA,"",NA,"75"
"ARKEON ENERGY",1,"",NA,"",NA,"14"
"TOUTON SA",1,"",NA,"",NA,"33"
"EUREDEN",1,"",NA,"",NA,"29"
"EDHEC BUSINESS SCHOOL",1,"",NA,"",NA,"59"
"EFFI GEMY",2,"",NA,"équipe, Python, Statistique",NA,NA
"LA BELLE ILOISE",1,"",NA,"",NA,"56"
"BETCLIC GROUP",4,"",NA,"Autonomous, Collaboration, Communication, Data Visualization, English, équipe, Excel, Français, French, Git, Presentation Skills, Proactive, Programmation, Programming, Python, SQL, Statistics, Statistique, Tableau",NA,"33"
"QUANTUM SURGICAL",2,"",NA,"Communication, Deep Learning, équipe, Excel, Python, PyTorch, TensorFlow",NA,"34"
"COLAS",1,"",NA,"",NA,"54"
"NOVA CONSULTING",1,"",NA,"",NA,"75"
"AIR FRANCE",1,"",NA,"",NA,"95"
"KLARYS",1,"",NA,"Deep Learning",NA,"35"
"MONABANQ",1,"",NA,"",NA,"59"
"FREE2MOVE",1,"",NA,"",NA,"75"
"BUSINESS INSIGHT",1,"",NA,"",NA,NA
"ALGOSCOPE",1,"",NA,"",NA,NA
"FREE MOBILE",1,"",NA,"",40000,"34"
"LEFEBVRE SARRUT",1,"",NA,"",NA,"92"
"SOCOMEC",1,"",NA,"",NA,"67"
"SOYHUCE",2,"",NA,"Deep Learning, équipe, Git, Python, SQL, Statistique",NA,"75"
"SIM&CURE",1,"",NA,"Deep Learning",NA,"34"
"TALENTEEDS",1,"",NA,"",NA,"75"
"EURO INFORMATION",2,"",NA,"Anglais, Autonome, Autonôme, Deep Learning, équipe, Python",34500,"59"
"EXCELCIO",1,"",NA,"",NA,"75"
"ELIS",1,"",NA,"",NA,"92"
"R&S TELECOM",1,"",NA,"",NA,"75"
"BAXTER",1,"",NA,"",NA,"78"
"ENDRESS & HAUSER FRANCE",1,"",NA,"",NA,"68"
"INEX BET",1,"",NA,"",NA,"93"
"VINCI CONSTRUCTION",3,"",NA,"Collaboration, équipe, Intelligence artificielle, Reporting",NA,"94"
"INRAE",1,"",NA,"",29900,"44"
"OCTOPUS ENERGY GROUP",1,"",NA,"",NA,"75"
"CEVA LOGISTICS",2,"",NA,"Communication, Creativity, Excel, Git",NA,"13"
"SORARE",1,"",NA,"",NA,"75"
"ALTEIA",1,"",NA,"Deep Learning",NA,NA
"AIZEN RECRUITMENT",1,"",NA,"",NA,"75"
"AXA FUNDS MANAGEMENT",1,"",NA,"",NA,"92"
"RHODIUM GROUP",1,"",NA,"",NA,"75"
"SPARE PARTS 3D",1,"",NA,"",NA,"75"
"SAS AKERWISE",1,"",NA,"",NA,"75"
"PROCTER & GAMBLE",1,"",NA,"",NA,"75"
"GHU PARIS PSYCHIATRIE ET NEUROSCIENCES",1,"",NA,"",NA,"75"
"METRIXX",1,"",NA,"",NA,"69"
"CNAV",1,"",NA,"",36000,"75"
"WEFOX",1,"",NA,"",NA,"75"
"ACT-ON DATA",1,"",NA,"",NA,"92"
"DATAIKU",1,"",NA,"",NA,"75"
"L'ORGANISATION MONDIALE DE LA SANTÉ ANIMALE (OIE)",1,"",NA,"",NA,"75"
"INFORMATIS-TS",3,"",NA,"Anglais, Base de donnée, Excel, Programmation, SQL, Statistique",NA,"10"
"ARKEMA",1,"",NA,"",NA,"92"
"PRO BTP GROUPE",1,"",NA,"",45000,"94"
"DATAFAB.IO",1,"",NA,"Deep Learning",NA,"94"
"RECRULAB",1,"",NA,"",45000,"69"
"DANEM PEOPLE FRANCE",2,"",NA,"équipe, Français, Git, Google Cloud, Python, SQL, Tableau",75000,"75"
"SOGETI",1,"",NA,"",NA,"31"
"GROUPAMA CENTRE MANCHE",1,"",NA,"",NA,"72"
"SOFTEAM",1,"",NA,"",NA,"75"
"SOCIÉTÉ GÉNÉRALE SECURITIES SERVICES",1,"",NA,"",NA,"92"
"APTARGROUP, INC.",1,"",NA,"",NA,"27"
"SAINT MACLOU",2,"",NA,"équipe, Reporting, SQL",33000,"59"
"NEXTEAM GROUP",1,"",NA,"",NA,"64"
"GROUPE APTENIA",2,"",NA,"Anglais, Deep Learning, Optimisation",NA,"75"
"GROUPE BAYARD PRESSE",1,"",NA,"",NA,"92"
"VETOQUINOL",1,"",NA,"",NA,"70"
"MIRAKL - LABS",1,"",NA,"Deep Learning",NA,"33"
"BANQUE POPULAIRE RIVES DE PARIS",1,"",NA,"",NA,"75"
"CEGID",1,"",NA,"",40000,"69"
"GROUPE ALPHA",2,"",NA,"Bases de donnée, équipe, modélisation, Optimisation, Rapport, SQL, Tableau",NA,"75"
"HIMYDATA",2,"",NA,"Collaboration, équipe, Git, Programmation, Python, SQL, Statistique",30800,"6"
"FILHET-ALLARD",1,"",NA,"",NA,NA
"PAPERNEST",46,"",NA,"Anglais, Collaboration, English, équipe, Français, Git, Python, SQL, Tableau, Visualisation de donnée",NA,"75"
"TEAM IS",1,"",NA,"",60000,"75"
"OKAIDI",1,"",NA,"",38000,"59"
"CAISSE DES DÉPÔTS ET CONSIGNATIONS",1,"",NA,"",NA,"75"
"L'OPCOMMERCE",1,"",NA,"",38500,"75"
"RTE INTERNATIONAL",1,"",NA,"",NA,"92"
"ONEPOINT GROUP",4,"",NA,"Curiosité, Dataviz, équipe, Intelligence artificielle, Power BI, Reporting, Tableau",NA,"75"
"GROUPEMENT D'INTERET PUBLIC PULSY",1,"",NA,"",NA,"67"
"SMARTEO",1,"",NA,"",NA,NA
"BFORBANK",1,"",NA,"",NA,"92"
"GESER BEST",1,"",NA,"",28000,"33"
"INVIVOO",1,"",NA,"",40000,"75"
"PICTARINE",1,"",NA,"",NA,NA
"VALOWAY",1,"",NA,"",45000,"44"
"ADEO SERVICES",1,"",NA,"",NA,"59"
"FLYINSTINCT",1,"",NA,"",NA,"75"
"SERCEL",1,"",NA,"",NA,"44"
"OGF",1,"",NA,"",NA,"75"
"CCPA GROUP",1,"",NA,"",NA,NA
"PACIFIC PÊCHE",1,"",NA,"",NA,"34"
"WIZALY",1,"",NA,"",NA,"75"
"AEROW",1,"",NA,"",NA,"75"
"MARCEL ROBBEZ MASSON",1,"",NA,"",36000,"34"
"SENSE4DATA",1,"",NA,"",NA,"33"
"RECRUTONS ENSEMBLE",1,"",NA,"",NA,"13"
"AOSIS",1,"",NA,"",45000,"92"
"TEADS",1,"",NA,"",NA,"34"
"ARGON & CO",1,"",NA,"Deep Learning",NA,"92"
"FINDWAYS",1,"",NA,"",NA,"92"
"VINCI AUTOROUTES",2,"",NA,"équipe, Excel",NA,"92"
"HIPPY SAS - INDIENOV",1,"",NA,"",NA,"13"
"BPGRANDOUEST",1,"",NA,"",NA,"44"
"KNOW YOUR PEOPLE",1,"",NA,"",35000,"59"
"SII TECHNOLOGIES GMBH HR-SERVICE",1,"",NA,"",42000,"92"
"RECONOMIA",1,"",NA,"",NA,"59"
"ITW",1,"",NA,"",NA,"26"
"UNIVERSITÉ DE NANTES",1,"",NA,"",NA,"44"
"HITACHI SOLUTIONS LTD",1,"",NA,"",NA,"75"
"CHAPS VISION",2,"",NA,"Anglais, Communication, équipe, Excel, Français, Git, Python",NA,"75"
"MAZARS",1,"",NA,"",NA,"75"
"AB SCIENCE",2,"",NA,"Database, Excel, Optimization, Programming, SQL",NA,"75"
"NEO SOFT",1,"",NA,"",NA,"75"
"PAIE & RH SOLUTIONS",1,"",NA,"",NA,"64"
"BEEZEN",2,"",NA,"SQL",NA,"92"
"VALTAO",1,"",NA,"",NA,"95"
"UNIVERSITÉ DE MONTPELLIER",1,"",NA,"",NA,"34"
"FREELANCEREPUBLIK",2,"",NA,"",NA,"59"
"SAFILO",1,"",NA,"",NA,"92"
"COFIDIS",2,"",NA,"Autonome, Autonôme, équipe, Optimisation, Programmation, Rigueur, Statistique, Tableau",35000,"59"
"KUMO",1,"",NA,"",NA,"92"
"ANEO",1,"",NA,"",NA,"92"
"DALKIA",1,"",NA,"",NA,"49"
"LOUVRE HÔTELS",1,"",NA,"",NA,"92"
"LALLEMAND",1,"",NA,"",29700,"15"
"IN'LI",1,"",NA,"",NA,"92"
"MGEN",1,"",NA,"",NA,"75"
"SIPLEC",1,"",NA,"",NA,"94"
"VERISURE",1,"",NA,"",NA,"92"
"ACCELITE",1,"",NA,"",40000,"75"
"DIGIDIZ - STAFF & GO",1,"",NA,"",NA,"68"
"BD",1,"",NA,"",NA,"38"
"DATA RECRUTEMENT",46,"",NA,"Anglais, Collaboration, Deep Learning, English, équipe, Git, NLP, Python, Reporting, SQL, Statistique, Tableau, TensorFlow",40000,"75"
"DELAWARE",2,"",NA,"Anglais, équipe, Français, Rapport, Tableau",NA,"59"
"GROUPE DEMETER",1,"",NA,"",50000,"92"
"ACEO TECH",1,"",NA,"",NA,"63"
"ESPACE FREELANCE",1,"",NA,"",NA,"59"
"VO2 GROUP",1,"",NA,"",NA,"75"
"VALEURIAD",1,"",NA,"",NA,"44"
"NEXORIS",1,"",NA,"",NA,"75"
"FRISBEE PROFILING",1,"",NA,"",NA,"92"
"INSITOO FREELANCES",2,"",NA,"",NA,"59"
"GAN ASSURANCES",1,"",NA,"",NA,"92"
"AXA",3,"",NA,"Anglais, Communication, équipe, Français, Git, modélisation, Python",NA,"92"
"LINKEDIN JOB WRAPPING",1,"",NA,"",NA,"75"
"IBM",1,"",NA,"",NA,"92"
"OCTO TECHNOLOGY",1,"",NA,"Deep Learning",NA,"75"
"LE GROUPE GCF",1,"",NA,"",NA,"67"
"UNIVERSCIENCE",1,"",NA,"",43000,"75"
"SYNERGIE",1,"",NA,"",NA,"59"
"1DSOLUTIONS",2,"",NA,"équipe",NA,"75"
"BANQUE POPULAIRE MÉDITERRANÉE",1,"",NA,"",NA,"13"
"QARE",1,"",NA,"",NA,"75"
"ENTERPRISE DIGITAL RESOURCES LTD",1,"",NA,"",NA,"59"
"FINANCEPEOPLE",1,"",NA,"",50000,"78"
"ARTEMYS AGIL-IT (GROUPE ARTEMYS)",1,"",NA,"",30000,"79"
"CLAMAE GROUP",1,"",NA,"",NA,"75"
"SHORTWAYS",1,"",NA,"",NA,"53"
"UTWIN",1,"",NA,"",NA,"69"
"HAVAS MEDIA",1,"",NA,"",NA,"75"
"EQUANCY",1,"",NA,"Deep Learning",NA,"75"
"INSITOO",2,"",NA,"équipe",NA,"59"
"GROUPAMA SUPPORTS ET SERVICES",2,"",NA,"Collaboration, équipe",NA,"92"
"GROUPE M6",1,"",NA,"",NA,"92"
"LEHIBOU",1,"",NA,"",NA,"92"
"WAISSO",1,"",NA,"",NA,"75"
"NATURE ET DÉCOUVERTES",1,"",NA,"",NA,"78"
"SUNTORY BEVERAGE & FOOD FRANCE",1,"",NA,"",60000,"92"
"LATECOERE",1,"",NA,"",NA,"31"
"ARMOR MECA DEVELOPPEMENT",1,"",NA,"",30000,"22"
"ELSYS DESIGN",1,"",NA,"",NA,"35"
"TERRENA",1,"",NA,"",NA,NA
"ARTELIA",1,"",NA,"",NA,"38"
"DATAKHI",1,"",NA,"",35000,"59"
"FREE SAS",1,"",NA,"",NA,"75"
"AYMING",1,"",NA,"",NA,"92"
"KLESIA",1,"",NA,"",NA,"75"
"ALTELIOS TECHNOLOGY",1,"",NA,"",45000,"92"
"VINCI ENERGIES",1,"",NA,"",NA,"92"
"AXSANT",1,"",NA,"",50000,"75"
"ACTINVISION",2,"",NA,"Anglais, Autonome, Autonôme, Azure, Bases de donnée, Collaboration, Créativité, Curiosité, Dataviz, équipe, modélisation, Optimisation, Programmation, Rapport, SQL, Tableau",37500,"67"
"GIP PULSY",1,"",NA,"",30000,"67"
"COMPTALENTS",1,"",NA,"",35000,"95"
"THE INFORMATION LAB",1,"",NA,"",45000,"75"
"BOLLORÉ GROUP",1,"",NA,"",NA,"92"
"INPOST",1,"",NA,"",NA,"59"
"FÉDÉRATION FRANÇAISE DE RUGBY",1,"",NA,"",35100,"91"
"AG SOLUTION",1,"",NA,"",NA,"59"
"TALAN CONSULTING",1,"",NA,"",NA,"75"
"CEREG TERRITOIRES",1,"",NA,"",28000,"44"
"CPAM DE LA MARNE",1,"",NA,"",28000,"51"
"AKKION RECRUITMENT",1,"",NA,"",NA,"60"
"IADVIZE",1,"",NA,"",NA,"44"
"CGI FINANCE",1,"",NA,"",NA,"59"
"GENERATION",1,"",NA,"",NA,"29"
"DIRECTION GÉNÉRALE DE L'ARMEMENT",1,"",NA,"",NA,"35"
"VENTE 2 SITE",1,"",NA,"",NA,"94"
"COLLINS AEROSPACE",1,"",NA,"",NA,"27"
"DECIDEOM",1,"",NA,"",40000,"59"
"NEXTON CONSULTING FR",1,"",NA,"",NA,"59"
"MON-MARCHÉ.FR",1,"",NA,"",NA,"69"
"QUADRA INFORMATIQUE",1,"",NA,"",NA,"67"
"CHERCHE SUSAN DÉSESPÉRÉMENT",1,"",NA,"",NA,"75"
"GRESB",1,"",NA,"",NA,"75"
"LINCOLN",1,"",NA,"Deep Learning",NA,"69"
"GROUPE LE DUFF",1,"",NA,"",NA,"35"
"ANYWR FREELANCE",1,"",NA,"",NA,"59"
"AVANADE",1,"",NA,"Deep Learning",NA,"75"
"ONEY",1,"",NA,"",NA,"59"
"FONDATION POUR LA RECHERCHE MÉDICALE",1,"",NA,"",NA,"86"
"PUBLICIS GROUPE",1,"",NA,"",NA,"75"
"ADONE CONSEIL",1,"",NA,"",70000,"75"
"DECILIA",1,"",NA,"",38000,"92"
"COGNIZANT",1,"",NA,"",NA,"75"
"LE GROUPE LA POSTE",1,"",NA,"",NA,"75"
"GERFLOR",1,"",NA,"",NA,"69"
"IKIGAÏ",1,"",NA,"",30000,"69"
"EUROPEAN CAMPING GROUP",1,"",NA,"",30000,"34"
"NIJI",1,"",NA,"",NA,"69"
"FREE RESEAU",1,"",NA,"",NA,"75"
"CHRONOPOST",1,"",NA,"",NA,"75"
"CLÉMENTINE",1,"",NA,"",NA,"75"
"AUCHAN RETAIL FRANCE",1,"",NA,"",NA,"59"
"OCTOPUS ENERGY",1,"",NA,"",NA,"75"
"EKINO FRANCE",1,"",NA,"",NA,"93"
"ADWAY CONSEIL",1,"",NA,"",NA,"92"
"EDVANCE",1,"",NA,"",NA,"92"
"LYDIA SOLUTIONS",44,"",NA,"Communication, Communication Skills, Data Visualization, English, Excel, French, Proactive, Reporting, SQL, Team Player",NA,"75"
"ADALID",44,"",NA,"Reporting, Statistique",NA,"59"
"LSA COURTAGE",44,"",NA,"Autonome, Autonôme, Base de donnée, Communication, Curiosité, Data Visualization, équipe, Git, Google Cloud, Programmation, Rapport, Rigueur, SQL, Statistique, Tableau",NA,"92"
"MFG LABS",44,"",NA,"Anglais, AWS, équipe, Français, Hadoop, modélisation, Programmation, Python, Spark, SQL, Statistique, Tableau",NA,"77"
"LIBERTY RIDER",44,"",NA,"Autonome, Autonôme, Communication, équipe, Power BI, Python, Rapport, SQL, Statistique, Tableau",NA,"31"
"SHIPPEO",44,"",NA,"Attention to Detail, Collaboration, Data Cleaning, English, Excel, French, Proactive, Reporting, Tableau",NA,"75"
"TECH RIDERS",44,"",NA,"Anglais, Autonome, Autonôme, Collaboration, équipe, Excel, modélisation, Optimisation, Proactive, Rigueur",NA,"75"
"ORTEC ENGINEERING",44,"",NA,"équipe",NA,"31"
"X-FAB",44,"",NA,"Collaboration, Communication, English, Excel, French, Statistics",NA,"91"
"SODEXO",44,"",NA,"Autonomous, Communication, Curious, English, Excel, Français, French, Power BI, Proactive",NA,"92"
